lyr,v_at25,pcths_at25
bio_vgpm,462.8638916015625,13.003608826835473
nspp_bivalves,19.633699417114258,0.1573685144648879
nspp_bony.fishes,366.4938659667969,15.120392829675206
